INSERT INTO users (id, name, age) VALUES
  (1, 'Andrew', 50),
  (2, 'Chuck', 45),
  (3, 'Barry', 40),
  (4, 'Chris', 60),
  (5, 'Ed', 20),
  (6, 'Taylor', 29),
  (7, 'Brice', 15),
  (8, 'Shannon', 22),
  (9, 'Mya', 55),
  (10, 'Julie', 65),
  (11, 'Ralph', 33),
  (12, 'Jules', 35),
  (13, 'Beth', 50),
  (14, 'Avi', 30),
  (15, 'Andy', 45),
  (16, 'Amber', 31),
  (17, 'Ashleigh', 28),
  (18, 'Cassie', 8),
  (19, 'Ezra', 3),
  (20, 'Charleigh', 1);

INSERT INTO projects (id, title, category, funding_goal, start_date, end_date) VALUES
  (1, 'New car', 'Product', 1000000, 01/01/19, 12/31/19),
  (2, 'New website', 'Service', 50000, 01/01/19, 6/30/19),
  (3, 'Pet brush', 'Product', 2000, 10/01/18, 4/1/19),
  (4, 'Tax Preparation', 'Service', 10000, 01/01/16, 12/31/16),
  (5, 'New motorcycle', 'Product', 100000, 3/15/18, 6/14/19),
  (6, 'New boat', 'Product', 75000, 6/1/18, 12/31/19),
  (7, 'Flood in Nigeria', 'Donation', 10000, 11/1/18, 11/30/18),
  (8, 'Earthquake in Spain', 'Donation', 20000, 01/15/19, 02/28/19),
  (9, 'New computer game', 'Service', 6000, 5/15/18, 9/30/19),
  (10, 'Best calculator app', 'Service', 500, 3/1/19, 3/31/19);

  INSERT INTO pledges (id, amount, user_id, project_id) VALUES
  (1, 10.00, 1, 2),
  (2, 20.00, 1, 3),
  (3, 40.00, 1, 4),
  (4, 50.00, 2, 3),
  (5, 10.00, 3, 2),
  (6, 20.00, 4, 4),
  (7, 40.00, 5, 10),
  (8, 60.00, 6, 10),
  (9, 50.00, 7, 9),
  (10, 700.00, 8, 8),
  (11, 1000.00, 8, 7),
  (12, 40.00, 9, 6),
  (13, 50.00, 9, 3),
  (14, 50.00, 10, 4),
  (15, 24.00, 12, 1),
  (16, 34.00, 11, 1),
  (17, 12.00, 13, 6),
  (18, 19.00, 14, 5),
  (19, 20.00, 15, 5),
  (20, 40.00, 16, 6),
  (21, 35.50, 17, 7),
  (22, 40.00, 18, 8),
  (23, 60.00, 19, 9),
  (24, 70.00, 20, 10),
  (25, 100.00, 20, 4),
  (26, 40.00, 19, 1),
  (27, 20.00, 18, 6),
  (28, 90.00, 17, 9),
  (29, 230.00, 16, 6),
  (30, 450.00, 15, 5);
